hour,solar_kw,demand_kw,price_per_kwh
0,0.07617926993860784,1.4668405708931072,0.14003060999905304
1,0.0,1.8980878748244796,0.1554088751648526
2,0.1876127989516143,0.7184055150614757,0.12913971855037115
3,0.23514117909780347,1.0420835235593144,0.17158058223538847
4,0.0,1.3800019868245057,0.14783958509917985
5,0.0,2.498437965562424,0.15435060594725303
6,0.03196010079182134,2.508910554458778,0.18488669687822526
7,1.473853622529229,3.093145044608079,0.17274660150884105
8,2.995799710623927,2.60395332829289,0.14540151568069412
9,4.029379705225891,2.441572597880891,0.1411016972269446
10,5.416001916422339,2.5943032817675045,0.14511682482720703
11,5.990002941591647,2.078788468826307,0.15764847372714802
12,6.016507674390304,2.0593828329986894,0.14842163798623692
13,6.0773652594764185,1.8385587617016848,0.1440713378249479
14,5.313029758269644,2.2373943210097234,0.17200771876063564
15,4.027817571398476,2.586403642662031,0.14828685162333244
16,3.0921876960206243,3.2890484294031612,0.18449383639555977
17,1.3131936204078765,3.784356503918674,0.3513611384562826
18,0.21961257532681885,3.2979490642095524,0.37677977591337086
19,0.0,3.2134564105674763,0.35535979134065937
20,0.0,4.215509584289911,0.3644444085987417
21,0.0,3.917547290937436,0.3391308342272341
22,0.30563533466850756,2.659108592486261,0.13719361166118882
23,0.0,1.876838333977914,0.1568955893252248
24,0.0,1.5351653861687937,0.16482829863697973
25,0.0,1.829074653974909,0.15060384753000694
26,0.13307729638833718,2.1458218437936587,0.13070409997374455
27,0.09136101609101958,1.7466112152609865,0.1295961245056601
28,0.1031831528989971,1.572911397682856,0.12859295396720638
29,0.10770525075197068,1.6744296446556066,0.12348566830590928
30,0.5354119002176153,2.4140130625217533,0.1516422803917063
31,1.4513105165189706,2.7198413640868098,0.1668756588256204
32,2.871939317732115,2.647735882981985,0.14979876319612787
33,4.039197505057317,3.5504746320277256,0.11609377863993221
34,5.350147278350506,3.062377421639802,0.14713859309498176
35,6.077798030914633,2.4560094922433007,0.1475580150505109
36,5.971513135586282,1.5450266071630505,0.1814399812533816
37,5.585515838493778,2.2035003720306907,0.12814293130620666
38,4.990032118783822,2.36391326007487,0.14413983596101207
39,4.4052888840754605,2.6859529314166615,0.17558779020816845
40,3.1858135428008603,3.4542126866887592,0.15674967512019822
41,1.688702837691425,3.7242835052395566,0.35844969610274635
42,0.0,4.123909244953189,0.35171876655535816
43,0.05804033076667994,4.2229176041170495,0.35494915307985897
44,0.029171452285182056,3.98417568791262,0.36166414295417804
45,0.05467214918225324,2.8775796128957936,0.33785770521660846
46,0.21785719448704746,3.045594026409624,0.16317087868362298
47,0.05589888719367057,2.33311354067169,0.1294049547467169
48,0.16972839076797372,1.0525588636422663,0.15492551959247305
49,0.016894767372222865,2.0919170915075123,0.1526811144492949
50,0.07227984967249604,2.121812130251645,0.14075560367711837
51,0.1578220564596351,2.041634275128943,0.14965972087011528
52,0.0,1.7923369373874054,0.1406618977100167
53,0.0,2.4597441545437384,0.13392448009707383
54,0.0,2.4142237236476634,0.14469577887579532
55,1.393194808554289,2.895563057360872,0.13344017046942508
56,2.9312144371933284,2.6202946703253764,0.1548419619613987
57,4.6163760149278845,2.972357110800169,0.13274871758771453
58,4.979694643783321,2.458703555863102,0.16067965534486575
59,6.03762454638228,1.6024642121068382,0.1322778139810677
60,5.5792825570960485,1.8494052572604363,0.1415055762662849
61,5.711833700237967,1.87633826117676,0.1406309488767723
62,5.236840688982883,2.769190425076228,0.16987720093312259
63,4.389196269959105,2.844036627924936,0.15495434918424889
64,3.1778066449482134,3.0208357469054503,0.14682399296183407
65,1.7512510794151075,3.5889791636684882,0.35748079161604585
66,0.0,3.880378594583141,0.31839211479005464
67,0.0,3.928980510258334,0.34935299615538634
68,0.21449397031428846,3.4860491760259826,0.37996271266707143
69,0.0,3.4489753511333325,0.3519851975960401
70,0.0,2.7551922594875498,0.15101869753754002
71,0.0,2.090170287645783,0.15822192569463295
72,0.0,1.6794308339079105,0.16343407864971518
73,0.12429018601344101,1.640223905728856,0.1200379996066521
74,0.03560643401764131,0.8913161319628214,0.1247651027731346
75,0.17262133851694206,1.5229674419021841,0.1531543693662922
76,0.0,2.0515077265528223,0.13927685157153735
77,0.03963492276917856,2.3577536708240205,0.1696803789332987
78,0.15639759849183418,2.769048005446858,0.14527238415172164
79,1.475577635685065,2.8382036328621605,0.12098203896430323
80,3.114193809389352,2.7072437851978677,0.13097979124734005
81,4.077159201852623,2.454115564650254,0.10875485970554136
82,5.105388961065364,2.558180197577181,0.1464881169407563
83,5.700120484234827,2.1911404650267077,0.14717423809103425
84,5.70104008860274,2.317890135458018,0.14363305935327153
85,5.9172980779308055,2.2892364861463723,0.16618318558544606
86,5.078801837655951,2.093763986964694,0.16797779754775038
87,4.2457642168012075,2.095589905343939,0.14744417364965834
88,3.120186664726477,2.905142534269623,0.11797959498784716
89,1.6645470646226121,3.577934523421793,0.35925922370738383
90,0.16634627724319728,3.79417512636038,0.3583304034276286
91,0.0,3.797737467109596,0.35464087355235413
92,0.0,3.9534083803513473,0.3647221962396217
93,0.0,3.3254582988020442,0.3325275785530844
94,0.0,2.7965035200120485,0.18013133079277707
95,0.0,2.636789218275088,0.135608583702872
96,0.0,1.3598057957710517,0.1612383439080128
97,0.0,1.588717810894647,0.12468978458379973
98,0.09994355668085915,1.6122851689398916,0.13604602969094923
99,0.0,1.1671069146434276,0.17274552970088003
100,0.0,1.534577848134955,0.14608650265498724
101,0.32480707444651635,2.4902472911810705,0.16259883907699196
102,0.0,2.003277280980024,0.15355433083078868
103,1.7372931627318962,2.083754953306964,0.1484256276599974
104,2.76659557999753,2.3513638463521915,0.17045775487399034
105,4.191281297652378,2.8435986355274094,0.14645011763022148
106,4.958646908978987,2.4483895282260004,0.12328892838654794
107,5.710796688759269,2.0172286536001085,0.13795139862072442
108,6.210077034364349,2.2922906865212207,0.1582678759305254
109,5.363724851936323,0.9687515569406148,0.15593263659543763
110,5.304758333593097,2.278620872801392,0.1264941262464684
111,4.302074587702355,3.0775653335764934,0.13913486220887697
112,2.851462511075801,2.6221065755113373,0.1412741797619663
113,1.1913998070180125,3.3689713261116463,0.3445179560882866
114,0.018032376928468114,3.6013920912166544,0.3293612961709767
115,0.0,3.6869792888096407,0.3405744333782078
116,0.05816905283867599,3.750706993353819,0.33907084272110705
117,0.00546303638086072,4.001463357585335,0.36157299889642874
118,0.40044472283022886,3.6594119857365612,0.16213681966485366
119,0.0,2.4102019975048323,0.14781284312866774
120,0.0,2.1672742737388377,0.14411940306193902
121,0.04481890873907904,1.5157330416968424,0.1520988646805867
122,0.05499917099294129,2.130455620287027,0.13775137338816637
123,0.33979689381010914,1.5332525376467565,0.13279751876748838
124,0.20877781147864463,1.7488824806039998,0.13589668186611426
125,0.08921776478737733,2.1149414276353005,0.14047780254042813
126,0.36582572280489045,3.5226038982156616,0.13254789300311592
127,1.2557235070344117,3.1225339616423256,0.15243089338594312
128,2.840062116812563,2.755467064504058,0.1609457351067556
129,4.010996701767905,3.1725594088221256,0.12619352548802637
130,5.09869997191769,2.3109270929350365,0.15037693066824048
131,5.451383420845333,1.8869798889834775,0.14670096307100497
132,6.1587877367036015,2.1853347223584842,0.15512263028305204
133,5.739999283459717,1.9151235642465465,0.14980591847844618
134,4.8284508490809674,2.2375455868297363,0.12819601080102552
135,3.9887459168174004,2.535956790598095,0.1310641605171425
136,3.0783784618625485,3.1346339375353396,0.1504413536337746
137,1.7624459125887215,3.6506416693407617,0.3654317137961826
138,0.49918272292294735,3.1869658357997763,0.3167871894343549
139,0.7284656165018324,4.233300838950113,0.35518589869702366
140,0.1036023583189991,3.5211918981712778,0.3678443300793146
141,0.0,2.997038810849964,0.34770461185690676
142,0.0,2.9958827139653903,0.1582530374403966
143,0.06692786558595895,2.557174077428943,0.13945396378653296
144,0.0,1.257776041215975,0.14820950701084684
145,0.0,1.7941424249360147,0.12568629722537772
146,0.0,1.0469024527118314,0.11483485037371688
147,0.0,1.4234767529550831,0.16414148701837913
148,0.2664950576969109,1.498306294261299,0.13522507608413337
149,0.039262141861336156,1.9707198175915397,0.14316708232494854
150,0.0,2.507607610063558,0.1292033662009471
151,1.2940008324086716,2.471821478078409,0.12885045445374185
152,2.5813292638239105,3.25650858709675,0.14739243449858075
153,4.121063709850953,2.85546098314272,0.1390563420879653
154,5.182706785002052,1.7753872922553873,0.15566956496992046
155,6.237537436129381,1.3728854488599398,0.15678807628469388
156,6.032568630368221,1.8630124938709862,0.1548127446948691
157,6.041239835490175,1.826905047301419,0.15357901186392664
158,5.071328523071844,2.1038469769994825,0.17366652307397829
159,3.9464047455150295,2.5212681031596667,0.13398609346432672
160,2.7587208094419067,3.0957757870520006,0.14917597700695623
161,1.371607754481188,3.8335809686850144,0.3669903473077938
162,0.5321174331087919,3.4760175469255263,0.3689680971400705
163,0.0,3.5898103474214977,0.3286735452598314
164,0.20962230093408624,3.482235344851299,0.34531466837516195
165,0.0,3.6029643418048054,0.37037181643800887
166,0.23289325321856102,3.452058231842185,0.15762118657798596
167,0.09623774152646579,2.3768119228850555,0.1529289454721966
168,0.0,0.6249082533603944,0.14673472959848013
169,0.0,0.9068837728385923,0.14424298611438383
170,0.0,1.2251009079630446,0.15432328594635486
171,0.11151805037052014,1.3707019544021535,0.14621438812523274
172,0.0,1.560076221948695,0.14936132068433333
173,0.0,2.0005287552536295,0.15117898059172555
174,0.0,2.300893894649168,0.1398289270725975
175,1.5960612500456544,3.191852874136842,0.15798194060822157
176,3.394772814102608,2.7664035929985915,0.19371366972623127
177,4.282638590512645,2.531598868409135,0.12334520041010887
178,5.166492841179162,2.6051749193967173,0.1548601878628497
179,5.867011492635045,1.520917728524759,0.1385971486707164
180,6.3265004354267065,2.003716343258246,0.15866103866278874
181,5.850400583075374,1.9401372228308364,0.1506983620999179
182,5.093420614998197,2.0884391452792457,0.16142782161063696
183,4.519212864634258,3.0869586004474847,0.1676325986476317
184,3.107189109615403,2.799057237370286,0.1528863167665227
185,1.9368532686141242,4.223007964921536,0.3669807843262127
186,0.04580860930547727,3.786003255016837,0.3148355315931698
187,0.0,3.553044649197196,0.3738567844687403
188,0.0,3.8893705484600716,0.35562593227838507
189,0.4127319830578124,3.1251576881841894,0.3661676503361777
190,0.43091643019582426,2.7532121025812044,0.13170186382737717
191,0.0,2.666742381274306,0.13753845177591995
192,0.0,1.694956929843817,0.1521890744121716
193,0.36536107306055055,1.2855225796632335,0.14974443165993806
194,0.0,1.8622555617078889,0.15424602882014984
195,0.0,1.9710347803328756,0.1662677274139495
196,0.1608316986722611,2.205717856285001,0.12352169527045725
197,0.0,2.1723200547043113,0.16460728607575964
198,0.0,2.887205159667019,0.1501242286493689
199,1.5120535459839963,2.166304560655729,0.14694327208313177
200,3.084393637199733,2.8917423579671087,0.12793327148422665
201,4.594511152447715,2.529958314512376,0.15754573002565297
202,5.218798649432069,2.4792975323091433,0.11378838223453444
203,5.956539656053625,1.8583852262800427,0.15972591016858068
204,5.487456974742244,1.8091690017138389,0.12761841246790512
205,5.783375357251881,2.56300481659806,0.1508018686892621
206,4.985344855133414,2.0806420880034717,0.14821246744008118
207,3.9379374220133787,2.675889273961818,0.16754307220940826
208,2.780461908267812,2.9355355777499548,0.14732017246479165
209,1.4693834104399233,3.528403256023001,0.339587921582815
210,0.228975635589004,3.8670101003992965,0.34240095956043193
211,0.0,4.156913828027381,0.36909324153131995
212,0.007657873148604361,4.272756332553395,0.3580444545377134
213,0.0,4.0784314074569235,0.34421555027715256
214,0.0,3.124693677984138,0.1464533037005323
215,0.25068945632615103,2.7341221363813446,0.12649234364121828
216,0.13452885925098151,1.097700620601325,0.1558271130127731
217,0.3343495268606859,1.4725244149067565,0.123602764384568
218,0.0,1.8457650736509048,0.16127694698753184
219,0.0,1.8689960884714822,0.151929323887369
220,0.0,1.7770756479661167,0.18580427699360882
221,0.0606241978178054,2.2972632480590915,0.1334979666941354
222,0.04414333961342776,2.581773458584861,0.1484600686343905
223,1.2818172525567828,3.244691200837412,0.17697431551384593
224,3.022622445406968,3.1042853549220593,0.1678708446043712
225,4.299697769654012,2.708915743775713,0.1395568192263015
226,5.825520932090112,2.5551129208411143,0.15335951142560172
227,6.264766110554827,1.0326844214504292,0.1500299903462263
228,5.786689162360295,2.0013342541310126,0.15422933801091235
229,5.723709117347116,0.6272991197014688,0.13951979346022755
230,4.8302919222473815,1.5368318241587078,0.14866019395948898
231,4.094963933628414,2.6891809732745875,0.1260292143708493
232,3.0789012508975846,3.1839651112668155,0.15202685177802122
233,1.8543776758371846,3.0950535321891337,0.35675031010132746
234,0.0,3.615668547589043,0.3465887088103417
235,0.0,4.479689750951722,0.3257742366412282
236,0.0,3.6954881490614464,0.3648279779427719
237,0.0,4.286865617636803,0.355467875569892
238,0.0,3.015654700704208,0.13910977353448534
239,0.0,2.6705933881773274,0.14579099329742903
240,0.0,2.066409238290786,0.12748995895827242
241,0.0,1.5491407654199205,0.13461884808333144
242,0.0,1.1658433676998683,0.1419328298046429
243,0.0,1.527502456932477,0.16842631218420226
244,0.5323117780070745,1.6905484838213174,0.14040744913668787
245,0.0,1.5093657839397605,0.15960320488993138
246,0.0,2.320463885467736,0.1419252569570763
247,2.012142652695453,2.5648167775475468,0.1537192134127781
248,3.7262667923101014,3.3265348650026723,0.14787906746784296
249,3.94974902991295,2.845524310190415,0.16309584900139115
250,5.104090183509625,2.3385899687129066,0.14197782992672162
251,5.880943845469537,2.021228777280999,0.12641207624996337
252,6.432174411101398,1.9454169528384033,0.1292707645295455
253,5.548840688127351,2.1201285784180657,0.14202183759085862
254,5.134832961221105,1.7901447367163206,0.1312641004398292
255,4.4369750811347215,2.166506291527798,0.15615318023519326
256,3.1086915186166544,3.4034675686143228,0.14301347752712884
257,1.4588752528076014,3.3575856999664535,0.3856190982503964
258,0.0,3.369009529837766,0.323934281072943
259,0.0,4.155334853220863,0.353054497680647
260,0.0,4.027078127223323,0.33308070464741496
261,0.0,2.966093168255911,0.3425989798942598
262,0.05804247240656399,3.0966452497281916,0.15212129210010816
263,0.0,2.7852348086188146,0.11511942937688568
264,0.11788463063628475,1.6315384569134654,0.1535523917518204
265,0.25317895445495714,1.724474794068712,0.1785436119341125
266,0.03885733191711651,1.0251695766098865,0.1431984255244711
267,0.08793910209980087,1.6817711192741471,0.15389711785208263
268,0.013288836894466841,1.597095325673193,0.16537382539688097
269,2.1098272853545107e-05,1.818048806656683,0.14754069749959506
270,0.0,2.714699573733929,0.14128559717202774
271,1.6320378360334515,3.3423300891826297,0.1158639539441737
272,2.975678350396627,3.631039169097196,0.1596148607909246
273,4.765932764351934,3.293592909252642,0.14830247385406653
274,5.589491148325442,2.3991615173439915,0.13480974222917758
275,5.892016595873535,2.1818445100581205,0.1518989506541654
276,5.809235697576308,2.1357122515207303,0.14124479464790726
277,5.517452089738556,1.9466558907814546,0.1420736080332671
278,5.493938160978848,2.1858114825196444,0.15909436734163063
279,4.3083279934060705,2.8193755591019065,0.12992426383014233
280,3.1200358508479025,2.996080917114361,0.16570972929110636
281,1.116767773871578,3.2466531775073277,0.32903470755322395
282,0.2318596203895459,3.719838689204121,0.34005947887467103
283,0.11360508455359074,4.221869037143586,0.37884419291099863
284,0.0,3.8659463470318673,0.3669103214246363
285,0.0,3.620917000199676,0.35146405988743157
286,0.0659293010891299,3.2508543840866957,0.13589204676748173
287,0.013116699589060907,2.3965862142547207,0.1420609153995016
288,0.0,1.7651900560867055,0.15109912971878545
289,0.0,1.6358761859626618,0.15056284848509396
290,0.0,1.0844791805226313,0.14863693605561054
291,0.03814062802561714,2.070713741940664,0.14953751228873724
292,0.36787299324828926,1.5277515811729285,0.1467843733544233
293,0.0,1.407741992095494,0.1283703189653998
294,0.0,2.044239812081819,0.1422523388675875
295,1.5970423759582362,2.467218204209237,0.1637193608098027
296,3.0739984974217744,3.021270311517207,0.12947498553673323
297,4.149662041788964,2.737562477284392,0.14715666732691082
298,4.7569719770869865,2.3196772922403484,0.13770369106843733
299,5.877553828662937,2.2752881409177683,0.15167025644097165
300,6.431837553541047,1.9862806228136916,0.14417050228399772
301,5.412089606505376,2.014860363252143,0.17216090497462003
302,5.412109426131179,2.2834839768156465,0.1575987473128538
303,4.160509381338562,2.7467090967460264,0.13032295251334183
304,2.9846689135427877,2.2790461736013325,0.16006842017420547
305,1.289689642939139,3.374350216945548,0.33838022215606905
306,0.0,3.1018307396753557,0.341345054429337
307,0.3250111486747396,4.012621379316004,0.3547072853016068
308,0.14566381049692675,3.863277154833362,0.34262378870404797
309,0.433077901352486,3.867779804472146,0.3633928372448443
310,0.2943529722444234,3.4319986867683214,0.13838234907729907
311,0.10977166973239405,2.5987519931572125,0.14071580171112955
312,0.435983631541948,1.3253768217273585,0.14015443659677837
313,0.10974828968457469,1.673087664143232,0.1415154187746744
314,0.20699704419926473,1.331892587878139,0.16648787333321718
315,0.0,1.5654196370203066,0.15943194440415454
316,0.016636453964801207,2.048159952424118,0.17564915931018105
317,0.0,1.7918053911140102,0.18401466305848882
318,0.24739598364871326,2.6919926341719,0.1345392445210149
319,1.258338364836408,3.061674489488955,0.15105628690990933
320,3.195587585604415,2.668832513991283,0.1323569952503485
321,4.1949779227429955,3.1742730991016654,0.138335911083776
322,5.488964196073462,2.6820667017945827,0.14054876234616495
323,5.983272204917225,2.094066513579331,0.1341426768879259
324,6.455161539411701,1.6005110360865669,0.1342216909065238
325,5.978248630519071,1.6035215020251936,0.14783573432219618
326,4.8031423587933215,1.9518621148345463,0.1317492237242039
327,4.225902393894735,2.720970025097429,0.16263190438706449
328,2.7069982018512957,2.682361034632948,0.13623369693873727
329,1.4233443100235577,3.655032892255064,0.39214353455144585
330,0.37780710831918113,3.430289827139234,0.34322923323553406
331,0.159383452724424,3.9285764003831787,0.35108026462875574
332,0.0,3.9032754092127857,0.3305698822330094
333,0.0,4.357639059066379,0.3755913763719146
334,0.008195523219065198,2.534266169883801,0.16679251021204375
335,0.0,3.042985824540431,0.15445373806104168
336,0.0,1.5529480437118215,0.12979796176830652
337,0.07800236788781097,1.6471914460578108,0.1531600031658693
338,0.28882800902667405,1.5580855306275203,0.13317853430974116
339,0.15219036805610994,1.7215614513938102,0.1719353289521004
340,0.0,1.649222454961143,0.16213792097779758
341,0.07609168225756495,2.495942925720419,0.15143158557731604
342,0.01800839330814448,2.2502402099583714,0.11345436505129017
343,1.6563868419582977,3.220866110709386,0.13524876032011454
344,3.4040524204128015,2.7774811579125123,0.16031641697399807
345,3.7268311179181,2.8123220079851246,0.16819325537584734
346,5.048376566408856,2.0623815876129794,0.16663754717238197
347,5.943281538432749,2.2176507551205327,0.12611980496637817
348,5.604601400136515,2.3731183313205317,0.15452328460219356
349,6.164542219747787,1.877168945589344,0.16523272824724394
350,5.288241575881797,2.0711340222042356,0.1251249665162663
351,4.454286683580136,2.1409460258714685,0.14988143226940145
352,2.8572640846195507,2.9365774144801295,0.15410763597462684
353,1.7563551931066788,2.9444256143355747,0.34548853122729895
354,0.2671178889972603,3.545396966895082,0.32221757216898195
355,0.05821950503429209,4.079375521074973,0.34511452834889406
356,0.058600223174673984,4.326553314321371,0.3450904185461746
357,0.06758580982043147,4.485067309726084,0.3477789139317837
358,0.0,2.811021869541114,0.14154792861862395
359,0.0,3.030135781094788,0.14335481770137798
360,0.0,1.58581656695685,0.14940440576479533
361,0.09584846608837377,1.4503445983909922,0.15663681907454566
362,0.24995606172757365,1.668071819045802,0.14543359855715
363,0.0,1.5875778343134643,0.14385526607447996
364,0.0,1.7416507454521257,0.15138531057381688
365,0.3703638869147433,1.8441087552209743,0.12118626111157227
366,0.0,1.9206667295074267,0.15715552690839688
367,1.3473517662925443,2.284315189563921,0.1499915535431556
368,3.0505765479577978,3.2316453591355,0.15059540289896342
369,4.453736984740615,2.7365651226955756,0.16441101461391694
370,5.199008936596797,2.2289373660348977,0.12070776704927627
371,6.127795105343657,2.0613694223520045,0.12039249195211554
372,6.214198495641631,2.1455505349167145,0.15410705767985278
373,6.0060099744569255,1.9673709885858823,0.14989324717307226
374,5.334681548037655,1.9104247889262655,0.15255265414787897
375,4.8245539622058065,2.9602644974223753,0.14306809387241332
376,2.9487095777834886,3.5695447692670084,0.15996530511359897
377,1.0520336975984979,3.674998434601108,0.3639895826448668
378,0.40106359037928596,4.2056864912171035,0.3572597344092729
379,0.0,4.434686403821609,0.34608757312393124
380,0.02697011108575826,4.2604334558534624,0.31838465918578396
381,0.32738767121513174,3.7167782202851765,0.3615385431205569
382,0.0,3.2257481157921384,0.1683259299932639
383,0.0,2.70966192694016,0.1596683761797597
384,0.0,1.1164350127248082,0.1368053635894874
385,0.0,1.7485343796530788,0.16010691590501636
386,0.10990915150424839,1.0421288710473549,0.16290794561942168
387,0.13104696070319274,1.2877972557317094,0.17338224371698627
388,0.06906854483213844,2.15926001522068,0.13685835113658062
389,0.0,2.2811024191532776,0.1466031812318379
390,0.0,2.9305945118270764,0.16120908076715182
391,1.56650266696272,2.729497976156097,0.15086115107157236
392,2.882055991590416,2.5997225555402017,0.13324008596923087
393,4.357487130048439,2.7492571352509554,0.15621924427540054
394,5.37164082926195,2.473279434948757,0.15867992450722748
395,5.83011531574908,2.086038503717904,0.15131944344496503
396,6.190033271343964,2.2641124139610906,0.15329377390769916
397,5.852857801263177,1.7777989597754371,0.14611941147471405
398,5.328668599106999,2.2632560818816274,0.1721741840357409
399,4.066472371401815,2.185042460643131,0.13648961724430986
400,2.9550971465421347,3.1744408905387718,0.14119018855854332
401,1.6021082947793654,3.5029915978030823,0.35016478270291285
402,0.20513211885435542,3.6024695938470908,0.36318431041551336
403,0.0,3.917460128175577,0.32753940244858193
404,0.13029181393302816,3.8004371838315554,0.3303455487535184
405,0.0,3.407289213027774,0.3194340723839792
406,0.0,3.6362960841096186,0.15049042837879906
407,0.20737976050601825,2.4933246254611263,0.13322541274190183
408,0.0,1.4151395602542052,0.14423174834973124
409,0.0,0.7691734395886742,0.1599206728483756
410,0.0,1.2036911877488317,0.1403768591882573
411,0.0,1.4738313664657552,0.15346923034115045
412,0.0,1.4629638048260243,0.14550993138372417
413,0.1873584749319351,2.470623019892537,0.16008171472644656
414,0.0,2.3522768890483476,0.15712692101022013
415,1.6023617911005874,3.2755394977080377,0.13962099455738083
416,3.272304374177698,3.024606271904699,0.1474702236989932
417,4.574562220186208,2.846439896973127,0.1656561509658074
418,5.178867939025097,2.4064897242151804,0.15590065305381146
419,6.13395143012676,2.059721141066411,0.12904556913373302
420,6.023031664608527,2.468902497463696,0.15983427091757074
421,5.586205401777544,1.0923798541637166,0.13373084066345642
422,5.047552334656948,1.4395030061970666,0.17118769604941508
423,3.8725065589780314,2.3409521720756032,0.16536148259761538
424,2.7779665365665864,3.0219146019015866,0.154348282138776
425,1.4634100985965188,3.7434401539055138,0.3523584926515429
426,0.20089625484465112,4.030484781556288,0.3468645161595887
427,0.43019245779149595,3.865514335428576,0.3601778592710004
428,0.0,4.221563987746499,0.34443832745806907
429,0.09820686706497973,3.8624118993992136,0.3535335480595984
430,0.0,3.0807468902609774,0.16307901549779175
431,0.11867427211580049,2.8647108766392786,0.14157290184711616
432,0.0,1.5959290410175184,0.14075710890013957
433,0.0,1.3067622153782144,0.1320845177891331
434,0.23207424789212108,1.7608996545916502,0.13403290880810742
435,0.0,1.604621657928016,0.12257407032837746
436,0.0,1.7034811878519196,0.16094743183523294
437,0.0,2.5025591124766593,0.17713371813124157
438,0.0,1.552199865447994,0.17137993415205457
439,1.6598868807888538,2.3283945508908,0.12560873267060224
440,2.9526889147658983,2.587535000756041,0.160872820073343
441,4.324806187689906,2.706268927576493,0.17133159524885333
442,5.286632886188843,2.3484556214964454,0.14314785028892005
443,6.125720371616452,1.5308284762783342,0.15152171145975074
444,5.914303462283905,1.522518935087456,0.11988160423792994
445,5.426340503522977,1.6029490210433934,0.1540010425196496
446,5.462958026849628,3.000142448977166,0.13404660405847924
447,4.159768644094972,3.161671644656744,0.15299452526867272
448,3.278648111144344,2.87271754703381,0.12658195616716678
449,1.648758548910744,3.3746494536307297,0.35814287336716394
450,0.0,3.4626828632307687,0.3653676901314003
451,0.08719397351157378,3.3321547603079322,0.3382523020742725
452,0.4877531400315749,3.8239906298688995,0.33294616127884347
453,0.5192451322634383,3.152595314160349,0.31765965436175025
454,0.017345283783194675,2.9866289632342258,0.14600379698887234
455,0.040047648329268826,1.967708679103667,0.14127609098577593
456,0.2690600393665964,1.2338121384076832,0.12673470881477916
457,0.0,1.5553007581082146,0.15679528134468257
458,0.08326759315456378,1.6448371201660268,0.14325044427203026
459,0.0,1.7120222505851839,0.13386396062032152
460,0.0784770528643884,1.2408410970328863,0.1416814139153933
461,0.0,2.286165367757755,0.16606956808394424
462,0.0,2.1299310166263767,0.15904405415632833
463,1.0346684116173015,3.0460842805592065,0.14804960907752265
464,2.7206539717525975,2.9992861131707027,0.1592865752769728
465,4.127971865884453,2.3516745295482933,0.1325863206541989
466,5.122854526044441,2.32689928431114,0.15048555151090545
467,6.279862748341789,2.1862697627212193,0.15220983495729706
468,6.276498342476825,2.0818621295623547,0.14295245237251908
469,5.555032178649003,1.8548978444210964,0.15653187503936125
470,5.283079535819371,2.6761666284609724,0.13829349818033324
471,4.140871128031704,2.8836907327905386,0.15764731061664175
472,2.928909040489976,2.927000902483524,0.15827788157296938
473,1.5992456829689716,3.76444623948604,0.306242601789544
474,0.15479277924384904,4.541731982062537,0.3678545855526517
475,0.0,4.686170015210835,0.3042855115197087
476,0.2659628831835896,3.435098736824009,0.3407592646166581
477,0.0,3.177556919390755,0.3653802205138663
478,0.0015847655905671105,3.5360482246727774,0.14524069912121337
479,0.6494184316489581,2.157382358475711,0.12800721026295686
480,0.05576993565631878,1.0376138021641856,0.13359394407424993
481,0.3583036266515432,1.3331133290075574,0.1654035861948093
482,0.022880044543302044,1.6637431092577537,0.12117743204177042
483,0.14519427383244918,1.530068217711595,0.16693486651443026
484,0.0,1.475314974345892,0.14917346851436566
485,0.0,1.7510510006067304,0.1321140700433635
486,0.0,2.1606871378925763,0.14125327391545964
487,1.6604896103545128,2.5167556404160196,0.13474163488347538
488,2.7871157027035576,3.801581157033692,0.16299337801287792
489,4.409036996197643,2.9375390291405195,0.16098641714644257
490,5.467474173818109,2.7479341499562144,0.12421258299185929
491,5.887187809543717,1.8872153391572772,0.14394611822220998
492,5.928437816611077,1.802239409381128,0.13705221506483584
493,5.909046352561584,1.6544997150470189,0.16940264952689055
494,5.118984158820028,1.2119460995288835,0.12974851322810368
495,4.476527468485573,2.0487587160484897,0.1740634365702752
496,2.5421484789462188,2.383113305230299,0.14950057890724594
497,1.4690124285854647,2.714479282955047,0.3325709839042987
498,0.0,3.4465286212423356,0.33984088723986083
499,0.0,4.463734892720346,0.3379757173884732
500,0.34096555745347734,3.849346036415359,0.33088072396976737
501,0.2237962454929215,3.9535408251081687,0.3514224028959556
502,0.0,3.1601705512312357,0.13158126673962234
503,0.0,2.80167631526919,0.11729450686892717
504,0.0,1.1851892504596722,0.1443048529372774
505,0.0,1.6866641087196586,0.12295715705373175
506,0.6051037530618506,1.7717137428676697,0.1387175869789872
507,0.10872106786591185,1.3640805127436861,0.13636345667094965
508,0.0,1.8988513712035076,0.1369317589196128
509,0.11627005237507657,2.1851910777115,0.1800144465238523
510,0.0,2.2176616930414954,0.15084617350754356
511,1.4785834299407157,2.4316150591518015,0.15368056513492998
512,3.0248693682539343,2.5885647338226754,0.12335402555486558
513,4.2211155241640235,2.8636870938980867,0.14019055299544617
514,5.3938539531291525,2.552021934990816,0.15322953944912268
515,5.8817162642934235,1.7810084123386305,0.1346320663063049
516,6.167081504526999,1.8766291158603796,0.16362094265276977
517,5.62346188717672,2.1039315711751128,0.13195955121148453
518,5.420606274809269,2.3564107668834593,0.14570450796202236
519,4.6498749240252835,3.074220004988114,0.14120922540036662
520,2.7574626200871464,3.4637731344927523,0.15246480989072875
521,1.3309903566864862,3.151451603773319,0.3403926489221686
522,0.33394608408005894,4.454159435584979,0.3459365955939359
523,0.0,3.8141586283422755,0.3464580486233302
524,0.35095534801663925,4.230604179470933,0.33898418363913047
525,0.0,3.525638827413639,0.3572764080274567
526,0.3637613940676778,2.8720743668559905,0.15357582562256136
527,0.032871454201363046,1.8950868253476576,0.1486707908212025
528,0.0645572058306738,1.4404556202405514,0.14354312499807062
529,0.3911795054174761,0.9574971423952606,0.16194816045779994
530,0.0,1.855218493486619,0.14646248634278727
531,0.0,2.0967844950242154,0.14539954068261093
532,0.0,1.4240933952340078,0.15157035044832187
533,0.11308348766078467,2.0927151220920535,0.17544880024456275
534,0.0,2.156118077734233,0.12989465687968194
535,1.7122819962779048,2.6046143548987732,0.1615478533958303
536,2.865307170595564,3.2740827963399504,0.12160243258142842
537,4.529593852302677,2.819921762580381,0.15325909737342935
538,4.5975873464815145,3.04644529559041,0.17362624241413097
539,5.598913513958368,1.8896110854528783,0.15733002786700961
540,5.5783829621914744,2.2170919627623165,0.1525593761780969
541,5.588997591143422,1.9383383030618666,0.14159325796795386
542,5.2580688979838675,2.418566320161086,0.1504657080073283
543,4.197834030756847,2.3745567828797616,0.14621905776894964
544,2.936655607762996,2.9994842500803833,0.13821035088102968
545,1.513118052770111,3.461478997483482,0.34565186576787693
546,0.05084706015498659,3.5722842720506462,0.3529757174093966
547,0.0,4.231728942040389,0.33849174397204035
548,0.1767124102247627,4.09248584706431,0.3379057726897297
549,0.16566649259637098,3.7095876515127064,0.32959634843611735
550,0.09625948441402525,3.554264628187105,0.15586087539133345
551,0.1391333606878158,3.0350514067015903,0.1581798489295059
552,0.07410450020216487,1.369272557369076,0.15347490666354777
553,0.5087683256827669,1.6338495862041862,0.16447755739092998
554,0.0,1.2984035197012742,0.1513180145562109
555,0.0,1.574081425665573,0.15588016406048635
556,0.0,1.4930999342962465,0.15455756138456345
557,0.0,2.5540499704079265,0.1486268997087269
558,0.0,2.5372994630570616,0.14203767257805527
559,1.3307149423073947,2.748273815610102,0.18321228923687866
560,2.9823299045869818,3.4207761501368026,0.14322073530219737
561,4.326214469243714,2.0736947607971814,0.14001183433319345
562,5.208937937344673,1.7326325727117045,0.1565101473517516
563,5.604171138376982,2.3369359823258216,0.15377781622942507
564,6.225046141004991,1.888488203237324,0.1289281267858451
565,5.980408125809647,1.9918998136179091,0.16684017381845606
566,5.156240345851128,1.675805380589112,0.1485870813697375
567,4.079411650953108,2.5229301641476147,0.13333603357176418
568,3.1371069802074496,3.718058136863907,0.16783176171530811
569,1.5999076674866524,3.7903734721666615,0.3593851335739423
570,0.0,3.924301553046656,0.3310318701207813
571,0.0,3.8463315364000477,0.37665774260386586
572,0.06550895301859526,3.726798196957595,0.35988196052549287
573,0.0,2.756624247075752,0.3498470582656243
574,0.04746084820936075,3.1065007966383353,0.17385328208432668
575,0.0,2.823699814237533,0.1523894667574446
576,0.3340465250030427,0.9490364343065582,0.14957875387343952
577,0.31198749626485794,1.271785362444838,0.14009549825967016
578,0.0,1.111551139659951,0.15872775658960617
579,0.09086358445976829,1.2280341468424116,0.1571490445098597
580,0.0,1.7217308108755143,0.15022020209834566
581,0.0,1.2574846079643425,0.13815020469198594
582,0.0,2.6249997638619966,0.1519489478124911
583,1.2848810152584096,3.0884332849234384,0.14895301821356793
584,3.1785991206576645,2.915123744174151,0.12999788521898697
585,4.7419648198062845,1.9651621757309856,0.12792281473013722
586,4.901998742849306,2.0888219618137196,0.15847730068214655
587,5.586189106713112,2.4899081299348444,0.11097167527422466
588,6.058862092077483,0.8950262481412449,0.1530811579044189
589,6.198333994859316,1.7826104142589112,0.14282875413369261
590,4.890558844571657,1.7270437442870634,0.16962369910319863
591,4.3048997176960215,2.8126615684999354,0.14259797686269185
592,3.455324712703277,2.780539959973226,0.15989226321377845
593,1.1399744835703094,3.6432875124955735,0.3440462923814331
594,0.0,4.062815408955855,0.35170622230229215
595,0.0,4.642679448842283,0.36105254796380076
596,0.0,3.7938690148255034,0.3430616642551313
597,0.20315032193841115,3.633459037663672,0.36494832326747606
598,0.060414929955209515,2.4965572316213267,0.13509453184340275
599,0.0,2.9444254734216946,0.1544188926383757
600,0.12885260072520272,1.2343251019912957,0.1638395958418178
601,0.0,1.3070173173215127,0.15990056237685502
602,0.31861180423530977,1.508877032744425,0.17874667315103115
603,0.0,1.0188975441565313,0.1385484102403401
604,0.0,1.7830817516129776,0.12931276122977117
605,0.13528290270113286,2.325638557734062,0.1350849733725732
606,0.19073162058423415,2.5125319486610764,0.15990663849822656
607,1.6649391115991754,2.268469862984096,0.15746884401404068
608,2.5786006706537976,2.9596763969716897,0.15153384989471122
609,4.377149297101348,3.093120270268397,0.13315564426339305
610,4.937575409788033,1.7802724128264882,0.1615030093999359
611,5.854373985631476,1.6822243481627006,0.13162942833524188
612,5.644066391150235,2.174114507824777,0.1673842437356535
613,5.907135494620176,1.9987770104956932,0.19286157634709797
614,4.994502696629789,2.2842340704949677,0.15549676719857325
615,3.921982024554155,3.1818851456134016,0.15874662203486614
616,3.1784550341205993,3.180823315700608,0.1426071034665666
617,1.613325401034314,3.732164408889722,0.3228468001836977
618,0.0,4.813665196773085,0.3409592095545466
619,0.36279471225526605,3.925168809605104,0.33360657138351874
620,0.0,3.5856397278454097,0.32829493135377474
621,0.008026918492733666,3.6515722476822545,0.3758353991299347
622,0.06722836191965023,3.1699735096020425,0.1540929377703866
623,0.0,2.3434303390877114,0.15569531370920975
624,0.11778407334998234,1.1391642419720767,0.14536466452205626
625,0.0,2.311726822483751,0.14740693376334846
626,0.0,1.6310589755774567,0.16446826023358999
627,0.3406606599508353,1.3096071815347523,0.14951494321957176
628,0.0,2.0235878472857087,0.15796040907037098
629,0.0,1.9488245591638413,0.14705993553232477
630,0.4027342487529736,2.3214966042257834,0.1448677066390193
631,2.190246258766875,3.0213795156167222,0.12889628751597207
632,2.8986826836376665,2.550850856105979,0.12033376406449307
633,3.7584311769642396,2.9568296755965857,0.14607657148400396
634,5.118531428657646,3.107102663620669,0.1508474503798985
635,5.7239992202742425,2.2215546347679593,0.13070804944936815
636,5.952519039744436,1.7356500100720327,0.14948287702448051
637,5.517207947253948,1.7267567603767584,0.15080628844485752
638,5.341042708325752,1.9964250260798158,0.11765987990910931
639,4.373767530940807,2.4421750256285195,0.13627313010780748
640,2.626398595045173,2.884597556758042,0.15610895840603203
641,1.727713453538848,3.822612609614208,0.3558058809409361
642,0.5131712454864735,3.2582810761235277,0.33269487625400357
643,0.042990083109264964,4.301700422581023,0.352376720757496
644,0.0,3.7320084113119867,0.3653361083804071
645,0.0,3.633775233289138,0.36165609438486346
646,0.1538141917421403,2.621880880745627,0.14857071319479098
647,0.0,2.9928015996661865,0.14298035530013561
648,0.04109767574432556,1.9364754348764288,0.14055983273498243
649,0.0,1.8391379587647494,0.15701729674364484
650,0.46195625323901135,0.9864995894139099,0.15292655959714332
651,0.0,1.856099439898597,0.159441060091533
652,0.41697190277987994,1.8447115221603474,0.15197810719681729
653,0.0,1.4251804257139098,0.16228145925521162
654,0.14681479170069806,2.401501026117239,0.1514188879943655
655,1.6327643365629316,2.9521710816082916,0.16177033074197528
656,2.782738188033804,3.197635995825173,0.1630623415554996
657,4.286989715778521,2.8954516326576747,0.1379321005466278
658,5.499282131914532,2.5394994768111387,0.12287783929693881
659,5.7146070316627595,2.574156440287484,0.1731523928402183
660,5.577009337707559,2.2964361148649832,0.15384988096068392
661,5.791164251115049,0.9007743747026828,0.12428271156755817
662,4.9705466490085035,2.0289405225574155,0.13929270754171932
663,4.157055452453315,2.47343410330486,0.16157811438554742
664,2.979603057578719,2.4035953427689973,0.1458048475330066
665,1.126501216611247,3.534867675619419,0.34231907871021305
666,0.0,4.301969482590349,0.3710132279046945
667,0.12051670888138132,3.6197016540800693,0.33429069280424284
668,0.0,3.982639023653338,0.33802769963367746
669,0.0,3.181305291242005,0.35317079712572397
670,0.19621100915203377,2.7811574410280424,0.15585682398080822
671,0.06809243881855996,3.0448684982283964,0.15744514551511096
672,0.0,1.3106079617771347,0.16366857066853419
673,0.0,1.6650556459059422,0.15297867931022274
674,0.2089519740785843,0.8617374203203032,0.15734075908407613
675,0.0873376556401074,2.2177182115136866,0.14611186111027374
676,0.5956505706710183,1.9139405976951238,0.1509404745485507
677,0.10504714968123434,1.923150417282717,0.15161301270080452
678,0.0969257853155037,2.6114463889369874,0.15322647203728554
679,1.511182288087983,2.331147210314916,0.1615880971137414
680,3.2041939668001973,3.4168954096005004,0.15832718522917247
681,4.398911987431324,2.720015482801825,0.15066325504350275
682,5.509083674847931,2.366144150647604,0.1378631102258844
683,5.665224228075089,1.886312987760981,0.15101506887094063
684,5.89114813176401,1.6640962554352905,0.14957973322656384
685,5.675779165006415,2.147378322596586,0.15289772369719798
686,5.39385285300138,2.229611414287082,0.18309787960710602
687,4.617234297193469,2.7591738124363068,0.14214340832188146
688,2.8852898767126742,3.0137517019034874,0.1563343352868804
689,1.4467208386668533,3.6815235391151226,0.36602693100866446
690,0.07851930596745053,3.718307201872908,0.35147002871149075
691,0.0,4.780406549430118,0.38506767678758247
692,0.2380134132849725,3.3161230493612086,0.34432941062402783
693,0.0,3.9431715715428024,0.35486133833480066
694,0.0,3.495094257068269,0.13801791382660528
695,0.0,2.229525144180926,0.1447271289728506
696,0.0,2.280748962510864,0.15373400865594986
697,0.0,1.851702873783085,0.16269456093461593
698,0.0,1.8565624133296676,0.1547864225103536
699,0.0,1.5757148304845356,0.16888672274002103
700,0.2782414729150659,1.6269830861113126,0.1485755203411099
701,0.0,1.9137322727464456,0.14501747205241491
702,0.0,2.5466908191488553,0.1905597766091908
703,1.5386756353117421,3.3149992067085132,0.15591356474163046
704,3.262293405360337,3.0664696262385673,0.1392077768103218
705,3.9986509830905597,2.5144048861275237,0.13958604356627896
706,4.96850870172627,2.726117952749299,0.1358598012820299
707,5.935192197552966,2.380795214237078,0.16404854033785182
708,5.9446159710673,2.0964550813529703,0.14453434060660136
709,5.957426130411779,2.165168225810387,0.15191043713484728
710,5.192740724757808,2.045219171195371,0.14904736988342596
711,4.418056599141678,2.2059157544495402,0.16097238611911402
712,2.7412304714898394,2.7129621424991646,0.1372988386067397
713,1.5498931079180593,2.9294914682778592,0.33386641570785475
714,0.0,3.947836276287754,0.3533644596077239
715,0.0,3.970793330807468,0.35901438927049845
716,0.0,3.710902998526485,0.3549879846964646
717,0.17143725881866545,2.4673769197749835,0.33785819406354006
718,0.0,2.57976553492297,0.1601622726313709
719,0.0,2.9200749542599924,0.1388420860935655
